ModelName,dark,Test_Accuracy,Test_Precision,Test_Recall,Test_F1-score,ExDark_test_Accuracy,ExDark_test_Precision,ExDark_test_Recall,ExDark_test_F1-score,ExDark_Accuracy,ExDark_Precision,ExDark_Recall,ExDark_F1-score,level1_Accuracy,level1_Precision,level1_Recall,level1_F1-score,level2_Accuracy,level2_Precision,level2_Recall,level2_F1-score,level3_Accuracy,level3_Precision,level3_Recall,level3_F1-score,level4_Accuracy,level4_Precision,level4_Recall,level4_F1-score,Test_Accuracy,Test_Precision,Test_Recall,Test_F1-score,ExDark_test_Accuracy
EfficientNetV2B0_GS6,0,0.884,0.895,0.882,0.882,0.669,0.741,0.666,0.677,0.661,0.727,0.658,0.668,0.857,0.877,0.854,0.857,0.75,0.787,0.748,0.752,0.51,0.601,0.505,0.514,0.36,0.484,0.354,0.353,0.884000003,0.894999981,0.882000029,0.882000029,0.66900003
EfficientNetV2B0_GS7,20,0.885,0.895,0.884,0.884,0.695,0.757,0.692,0.702,0.686,0.747,0.684,0.692,0.86,0.873,0.859,0.859,0.791,0.821,0.789,0.789,0.579,0.686,0.575,0.581,0.401,0.578,0.394,0.402,0.88499999,0.894999981,0.884000003,0.884000003,0.694999993
EfficientNetV2B0_GS26,40,0.879,0.891,0.876,0.877,0.693,0.755,0.69,0.7,0.672,0.739,0.669,0.68,0.856,0.869,0.853,0.855,0.804,0.822,0.803,0.805,0.62,0.676,0.617,0.625,0.479,0.579,0.474,0.483,0.879000008,0.890999973,0.875999987,0.876999974,0.693000019
EfficientNetV2B0_GS15,60,0.877,0.889,0.874,0.874,0.7,0.78,0.693,0.71,0.674,0.753,0.669,0.683,0.865,0.882,0.862,0.864,0.827,0.847,0.825,0.827,0.645,0.712,0.642,0.646,0.48,0.61,0.474,0.484,0.876999974,0.888999999,0.874000013,0.874000013,0.699999988
EfficientNetV2B0_GS28,80,0.85,0.872,0.846,0.846,0.654,0.751,0.649,0.664,0.627,0.723,0.621,0.635,0.842,0.861,0.839,0.839,0.793,0.819,0.792,0.793,0.651,0.708,0.648,0.651,0.476,0.606,0.471,0.481,0.850000024,0.871999979,0.846000016,0.846000016,0.653999984
EfficientNetV2B0_GS29,100,0.75,0.784,0.744,0.739,0.637,0.722,0.631,0.642,0.603,0.686,0.597,0.606,0.827,0.847,0.824,0.825,0.808,0.829,0.806,0.808,0.64,0.679,0.637,0.638,0.496,0.569,0.492,0.498,0.75,0.783999979,0.744000018,0.739000022,0.637000024
